,date,id
0,Episode 170209 / 09 Feb 2017,ep-170209
1,Episode 170202 / 02 Feb 2017,ep-170202
2,Episode 170126 / 26 Jan 2017,ep-170126
3,Episode 170119 / 19 Jan 2017,ep-170119
4,Episode 170112 / 12 Jan 2017,ep-170112
5,Episode 170105 / 05 Jan 2017,ep-170105
6,Episode 161229 / 29 Dec 2016,ep-161229
7,Episode 161222 / 22 Dec 2016,ep-161222
8,Episode 161215 / 15 Dec 2016,ep-161215
9,Episode 161208 / 08 Dec 2016,ep-161208
10,Episode 161201 / 01 Dec 2016,ep-161201
11,Episode 161124 / 24 Nov 2016,ep-161124
12,Episode 161117 / 17 Nov 2016,ep-161117
13,Episode 161110 / 10 Nov 2016,ep-161110
14,Episode 161103 / 03 Nov 2016,ep-161103
15,Episode 161027 / 27 Oct 2016,ep-161027
16,Episode 161020 / 20 Oct 2016,ep-161020
17,Episode 161013 / 13 Oct 2016,ep-161013
18,Episode 161006 / 06 Oct 2016,ep-161006
19,Episode 160929 / 29 Sep 2016,ep-160929
20,Episode 160922 / 22 Sep 2016,ep-160922
21,Episode 160915 / 15 Sep 2016,ep-160915
22,Episode 160908 / 08 Sep 2016,ep-160908
23,Episode 160901 / 01 Sep 2016,ep-160901
24,Episode 160825 / 25 Aug 2016,ep-160825
25,Episode 160818 / 18 Aug 2016,ep-160818
26,Episode 160811 / 11 Aug 2016,ep-160811
27,Episode 160804 / 04 Aug 2016,ep-160804
28,Episode 160728 / 28 Jul 2016,ep-160728
29,Episode 160721 / 21 Jul 2016,ep-160721
30,Episode 160714 / 14 Jul 2016,ep-160714
31,Episode 160707 / 07 Jul 2016,ep-160707
32,Episode 160630 / 30 Jun 2016,ep-160630
33,Episode 160623 / 23 Jun 2016,ep-160623
34,Episode 160616 / 16 Jun 2016,ep-160616
35,Episode 160609 / 09 Jun 2016,ep-160609
36,Episode 160602 / 02 Jun 2016,ep-160602
37,Episode 160526 / 26 May 2016,ep-160526
38,Episode 160519 / 19 May 2016,ep-160519
39,Episode 160512 / 12 May 2016,ep-160512
40,Episode 160505 / 05 May 2016,ep-160505
41,Episode 160428 / 28 Apr 2016,ep-160428
42,Episode 160421 / 21 Apr 2016,ep-160421
43,Episode 160414 / 14 Apr 2016,ep-160414
44,Episode 160407 / 07 Apr 2016,ep-160407
45,Episode 160331 / 31 Mar 2016,ep-160331
46,Episode 160324 / 24 Mar 2016,ep-160324
47,Episode 160317 / 17 Mar 2016,ep-160317
48,Episode 160310 / 10 Mar 2016,ep-160310
49,Episode 160303 / 03 Mar 2016,ep-160303
50,Episode 160225 / 25 Feb 2016,ep-160225
51,Episode 160218 / 18 Feb 2016,ep-160218
52,Episode 160211 / 11 Feb 2016,ep-160211
53,Episode 160204 / 04 Feb 2016,ep-160204
54,Episode 160128 / 28 Jan 2016,ep-160128
55,Episode 160121 / 21 Jan 2016,ep-160121
56,Episode 160114 / 14 Jan 2016,ep-160114
57,Episode 160107 / 07 Jan 2016,ep-160107
58,Episode 151231 / 31 Dec 2015,ep-151231
59,Episode 151224 / 24 Dec 2015,ep-151224
60,Episode 151217 / 17 Dec 2015,ep-151217
61,Episode 151210 / 10 Dec 2015,ep-151210
62,Episode 151203 / 03 Dec 2015,ep-151203
63,Episode 151126 / 26 Nov 2015,ep-151126
64,Episode 151119 / 19 Nov 2015,ep-151119
65,Episode 151112 / 12 Nov 2015,ep-151112
66,Episode 151105 / 05 Nov 2015,ep-151105
67,Episode 151029 / 29 Oct 2015,ep-151029
68,Episode 151022 / 22 Oct 2015,ep-151022
69,Episode 151015 / 15 Oct 2015,ep-151015
70,Episode 151008 / 08 Oct 2015,ep-151008
71,Episode 151001 / 01 Oct 2015,ep-151001
72,Episode 150924 / 24 Sep 2015,ep-150924
73,Episode 150917 / 17 Sep 2015,ep-150917
74,Episode 150910 / 10 Sep 2015,ep-150910
75,Episode 150903 / 03 Sep 2015,ep-150903
76,Episode 150827 / 27 Aug 2015,ep-150827
77,Episode 150820 / 20 Aug 2015,ep-150820
78,Episode 150813 / 13 Aug 2015,ep-150813
79,Episode 150806 / 08 Aug 2015,ep-150806
80,Episode 150730 / 30 Jul 2015,ep-150730
81,Episode 150723 / 23 Jul 2015,ep-150723
82,Episode 150716 / 16 Jul 2015,ep-150716
83,Episode 150709 / 09 Jul 2015,ep-150709
84,Episode 150702 / 02 Jul 2015,ep-150702
85,Episode 150625 / 25 Jun 2015,ep-150625
86,Episode 150618 / 18 Jun 2015,ep-150618
87,Episode 150611 / 11 Jun 2015,ep-150611
88,Episode 150604 / 04 Jun 2015,ep-150604
89,Episode 150528 / 28 May 2015,ep-150528
90,Episode 150521 / 21 May 2015,ep-150521
91,Episode 150514 / 14 May 2015,ep-150514
92,Episode 150507 / 07 May 2015,ep-150507
93,Episode 150430 / 30 Apr 2015,ep-150430
94,Episode 150423 / 23 Apr 2015,ep-150423
95,Episode 150416 / 16 Apr 2015,ep-150416
96,Episode 150409 / 09 Apr 2015,ep-150409
97,Episode 150402 / 02 Apr 2015,ep-150402
98,Episode 150326 / 26 Mar 2015,ep-150326
99,Episode 150319 / 19 Mar 2015,ep-150319
100,Episode 150312 / 12 Mar 2015,ep-150312
101,Episode 150305 / 05 Mar 2015,ep-150305
102,Episode 150226 / 26 Feb 2015,ep-150226
103,Episode 150219 / 19 Feb 2015,ep-150219
104,Episode 150212 / 12 Feb 2015,ep-150212
105,Episode 150205 / 05 Feb 2015,ep-150205
106,Episode 150129 / 29 Jan 2015,ep-150129
107,Episode 150122 / 22 Jan 2015,150122
108,Episode 150115 / 15 Jan 2015,ep-150115
109,Episode 150108 / 08 Jan 2015,ep-150108
110,Episode 150101 / 01 Jan 2015,ep-150101
111,Episode 141225 / 25 Dec 2014,ep-141225
112,Episode 141218 / 18 Dec 2014,ep-141218
113,Episode 141211 / 11 Dec 2014,ep-141211
114,Episode 141204 / 04 Dec 2014,ep-141204
115,Episode 141127 / 27 Nov 2014,ep-141127
116,Episode 141120 / 20 Nov 2014,ep-20112014
117,Episode 141113 / 13 Nov 2014,ep-13112014
118,Episode 141106 / 06 Nov 2014,ep-06112014
119,Episode 141030 / 30 Oct 2014,ep-30102014
120,Episode 141023 / 23 Oct 2014,ep-23102014
121,Episode 141016 / 16 Oct 2014,ep-16102014
122,Episode 141009 / 09 Oct 2014,ep-09102014
123,Episode 141002 / 02 Oct 2014,ep-02102014
124,Episode 140929 / 29 Sep 2014,ep-25092014
125,Episode 140821 / 21 Aug 2014,ep-21082014
